risk_qid,n,interaction_beta,interaction_p,adj_r2
QUO197,188,-0.3818555896758359,0.0012482223556218308,0.44974030777968665
QUO210,188,-0.37348972906719924,0.0010657960621431872,0.47197771662128407
